CREATE DATABASE  IF NOT EXISTS `gidb` /*!40100 DEFAULT CHARACTER SET utf8 */;
USE `gidb`;
-- MySQL dump 10.13  Distrib 5.7.9, for Win32 (AMD64)
--
-- Host: localhost    Database: gidb
-- ------------------------------------------------------
-- Server version	5.7.18-log

/*!40101 SET @OLD_CHARACTER_SET_CLIENT=@@CHARACTER_SET_CLIENT */;
/*!40101 SET @OLD_CHARACTER_SET_RESULTS=@@CHARACTER_SET_RESULTS */;
/*!40101 SET @OLD_COLLATION_CONNECTION=@@COLLATION_CONNECTION */;
/*!40101 SET NAMES utf8 */;
/*!40103 SET @OLD_TIME_ZONE=@@TIME_ZONE */;
/*!40103 SET TIME_ZONE='+00:00' */;
/*!40014 SET @OLD_UNIQUE_CHECKS=@@UNIQUE_CHECKS, UNIQUE_CHECKS=0 */;
/*!40014 SET @OLD_FOREIGN_KEY_CHECKS=@@FOREIGN_KEY_CHECKS, FOREIGN_KEY_CHECKS=0 */;
/*!40101 SET @OLD_SQL_MODE=@@SQL_MODE, SQL_MODE='NO_AUTO_VALUE_ON_ZERO' */;
/*!40111 SET @OLD_SQL_NOTES=@@SQL_NOTES, SQL_NOTES=0 */;

--
-- Table structure for table `domaine`
--

DROP TABLE IF EXISTS `domaine`;
/*!40101 SET @saved_cs_client     = @@character_set_client */;
/*!40101 SET character_set_client = utf8 */;
CREATE TABLE `domaine` (
  `DMN` varchar(45) NOT NULL,
  `NOMDOMAINE` varchar(100) DEFAULT NULL,
  `DESCRIPTIONDMN` varchar(200) DEFAULT NULL,
  PRIMARY KEY (`DMN`)
) ENGINE=InnoDB DEFAULT CHARSET=utf8;
/*!40101 SET character_set_client = @saved_cs_client */;

--
-- Dumping data for table `domaine`
--

LOCK TABLES `domaine` WRITE;
/*!40000 ALTER TABLE `domaine` DISABLE KEYS */;
INSERT INTO `domaine` VALUES ('dom1','sf,jsssssssssssgf','desc<v'),('dom2','tejeeyre','descsfj'),('dom3','rtrtttttttttttttttttttt','desgfcsfj'),('dom4','rtjrju','jrjuryuj'),('dom5','qbhdg','qegqergqe');
/*!40000 ALTER TABLE `domaine` ENABLE KEYS */;
UNLOCK TABLES;

--
-- Table structure for table `imputation`
--

DROP TABLE IF EXISTS `imputation`;
/*!40101 SET @saved_cs_client     = @@character_set_client */;
/*!40101 SET character_set_client = utf8 */;
CREATE TABLE `imputation` (
  `ID` int(10) NOT NULL AUTO_INCREMENT,
  `CODEALLIANCE` varchar(45) DEFAULT NULL,
  `CODEPROJET` varchar(45) DEFAULT NULL,
  `DATE` datetime DEFAULT NULL,
  `JOUR` double DEFAULT NULL,
  `IDIMPUTATIONS` int(11) DEFAULT NULL,
  PRIMARY KEY (`ID`),
  UNIQUE KEY `ID_UNIQUE` (`ID`)
) ENGINE=InnoDB AUTO_INCREMENT=5353 DEFAULT CHARSET=utf8;
/*!40101 SET character_set_client = @saved_cs_client */;

--
-- Dumping data for table `imputation`
--

LOCK TABLES `imputation` WRITE;
/*!40000 ALTER TABLE `imputation` DISABLE KEYS */;
INSERT INTO `imputation` VALUES (4293,'abcd1234','codeProjet3','2017-07-01 00:00:02',1,1),(4294,'abcd1234','codeProjet3','2017-07-02 00:00:02',0,1),(4295,'abcd1234','codeProjet3','2017-07-03 00:00:02',0.5,1),(4296,'abcd1234','codeProjet3','2017-07-04 00:00:02',0.75,1),(4297,'abcd1234','codeProjet3','2017-07-05 00:00:02',1,1),(4298,'abcd1234','codeProjet3','2017-07-06 00:00:02',0,1),(4299,'abcd1234','codeProjet3','2017-07-07 00:00:02',0,1),(4300,'abcd1234','codeProjet3','2017-07-08 00:00:02',0,1),(4301,'abcd1234','codeProjet3','2017-07-09 00:00:02',1,1),(4302,'abcd1234','codeProjet3','2017-07-10 00:00:02',0,1),(4303,'abcd1234','codeProjet3','2017-07-11 00:00:02',0,1),(4304,'abcd1234','codeProjet3','2017-07-12 00:00:02',0,1),(4305,'abcd1234','codeProjet3','2017-07-13 00:00:02',0,1),(4306,'abcd1234','codeProjet3','2017-07-14 00:00:02',0,1),(4307,'abcd1234','codeProjet3','2017-07-15 00:00:02',0,1),(4308,'abcd1234','codeProjet3','2017-07-16 00:00:02',0,1),(4309,'abcd1234','codeProjet3','2017-07-17 00:00:02',0,1),(4310,'abcd1234','codeProjet3','2017-07-18 00:00:02',0,1),(4311,'abcd1234','codeProjet3','2017-07-19 00:00:02',0,1),(4312,'abcd1234','codeProjet3','2017-07-20 00:00:02',0,1),(4313,'abcd1234','codeProjet3','2017-07-21 00:00:02',0,1),(4314,'abcd1234','codeProjet3','2017-07-22 00:00:02',0,1),(4315,'abcd1234','codeProjet3','2017-07-23 00:00:02',0,1),(4316,'abcd1234','codeProjet3','2017-07-24 00:00:02',0,1),(4317,'abcd1234','codeProjet3','2017-07-25 00:00:02',0,1),(4318,'abcd1234','codeProjet3','2017-07-26 00:00:02',0,1),(4319,'abcd1234','codeProjet3','2017-07-27 00:00:02',0,1),(4320,'abcd1234','codeProjet3','2017-07-28 00:00:02',0,1),(4321,'abcd1234','codeProjet3','2017-07-29 00:00:02',0,1),(4322,'abcd1234','codeProjet3','2017-07-30 00:00:02',0,1),(4323,'abcd1234','codeProjet3','2017-07-31 00:00:02',0,1),(4324,'abcd1234','codeProjet2','2017-07-01 00:00:02',0,2),(4325,'abcd1234','codeProjet2','2017-07-02 00:00:02',0.25,2),(4326,'abcd1234','codeProjet2','2017-07-03 00:00:02',0,2),(4327,'abcd1234','codeProjet2','2017-07-04 00:00:02',0,2),(4328,'abcd1234','codeProjet2','2017-07-05 00:00:02',0,2),(4329,'abcd1234','codeProjet2','2017-07-06 00:00:02',0,2),(4330,'abcd1234','codeProjet2','2017-07-07 00:00:02',0,2),(4331,'abcd1234','codeProjet2','2017-07-08 00:00:02',0.75,2),(4332,'abcd1234','codeProjet2','2017-07-09 00:00:02',0,2),(4333,'abcd1234','codeProjet2','2017-07-10 00:00:02',0,2),(4334,'abcd1234','codeProjet2','2017-07-11 00:00:02',0,2),(4335,'abcd1234','codeProjet2','2017-07-12 00:00:02',0,2),(4336,'abcd1234','codeProjet2','2017-07-13 00:00:02',0,2),(4337,'abcd1234','codeProjet2','2017-07-14 00:00:02',0,2),(4338,'abcd1234','codeProjet2','2017-07-15 00:00:02',0,2),(4339,'abcd1234','codeProjet2','2017-07-16 00:00:02',0,2),(4340,'abcd1234','codeProjet2','2017-07-17 00:00:02',0,2),(4341,'abcd1234','codeProjet2','2017-07-18 00:00:02',0,2),(4342,'abcd1234','codeProjet2','2017-07-19 00:00:02',0,2),(4343,'abcd1234','codeProjet2','2017-07-20 00:00:02',0,2),(4344,'abcd1234','codeProjet2','2017-07-21 00:00:02',0,2),(4345,'abcd1234','codeProjet2','2017-07-22 00:00:02',0,2),(4346,'abcd1234','codeProjet2','2017-07-23 00:00:02',0,2),(4347,'abcd1234','codeProjet2','2017-07-24 00:00:02',0,2),(4348,'abcd1234','codeProjet2','2017-07-25 00:00:02',0,2),(4349,'abcd1234','codeProjet2','2017-07-26 00:00:02',0,2),(4350,'abcd1234','codeProjet2','2017-07-27 00:00:02',0,2),(4351,'abcd1234','codeProjet2','2017-07-28 00:00:02',0,2),(4352,'abcd1234','codeProjet2','2017-07-29 00:00:02',0,2),(4353,'abcd1234','codeProjet2','2017-07-30 00:00:02',0,2),(4354,'abcd1234','codeProjet2','2017-07-31 00:00:02',0,2),(4355,'abcd1234','codeProjet','2017-07-01 00:00:01',0,3),(4356,'abcd1234','codeProjet','2017-07-02 00:00:01',0.75,3),(4357,'abcd1234','codeProjet','2017-07-03 00:00:01',0.5,3),(4358,'abcd1234','codeProjet','2017-07-04 00:00:01',0,3),(4359,'abcd1234','codeProjet','2017-07-05 00:00:01',0,3),(4360,'abcd1234','codeProjet','2017-07-06 00:00:01',0,3),(4361,'abcd1234','codeProjet','2017-07-07 00:00:01',0.5,3),(4362,'abcd1234','codeProjet','2017-07-08 00:00:01',0,3),(4363,'abcd1234','codeProjet','2017-07-09 00:00:01',0,3),(4364,'abcd1234','codeProjet','2017-07-10 00:00:01',0,3),(4365,'abcd1234','codeProjet','2017-07-11 00:00:01',0,3),(4366,'abcd1234','codeProjet','2017-07-12 00:00:01',0,3),(4367,'abcd1234','codeProjet','2017-07-13 00:00:01',0,3),(4368,'abcd1234','codeProjet','2017-07-14 00:00:01',0,3),(4369,'abcd1234','codeProjet','2017-07-15 00:00:01',0,3),(4370,'abcd1234','codeProjet','2017-07-16 00:00:01',0,3),(4371,'abcd1234','codeProjet','2017-07-17 00:00:01',0,3),(4372,'abcd1234','codeProjet','2017-07-18 00:00:01',0,3),(4373,'abcd1234','codeProjet','2017-07-19 00:00:01',0,3),(4374,'abcd1234','codeProjet','2017-07-20 00:00:01',0,3),(4375,'abcd1234','codeProjet','2017-07-21 00:00:01',0,3),(4376,'abcd1234','codeProjet','2017-07-22 00:00:01',0,3),(4377,'abcd1234','codeProjet','2017-07-23 00:00:01',0,3),(4378,'abcd1234','codeProjet','2017-07-24 00:00:01',0,3),(4379,'abcd1234','codeProjet','2017-07-25 00:00:01',0,3),(4380,'abcd1234','codeProjet','2017-07-26 00:00:01',0,3),(4381,'abcd1234','codeProjet','2017-07-27 00:00:01',0,3),(4382,'abcd1234','codeProjet','2017-07-28 00:00:01',0,3),(4383,'abcd1234','codeProjet','2017-07-29 00:00:01',0,3),(4384,'abcd1234','codeProjet','2017-07-30 00:00:01',0,3),(4385,'abcd1234','codeProjet','2017-07-31 00:00:01',0,3),(4386,'abcd1234','conges','2017-07-01 00:00:01',0,4),(4387,'abcd1234','conges','2017-07-02 00:00:01',0,4),(4388,'abcd1234','conges','2017-07-03 00:00:01',0,4),(4389,'abcd1234','conges','2017-07-04 00:00:01',0.25,4),(4390,'abcd1234','conges','2017-07-05 00:00:01',0,4),(4391,'abcd1234','conges','2017-07-06 00:00:01',0.25,4),(4392,'abcd1234','conges','2017-07-07 00:00:01',0,4),(4393,'abcd1234','conges','2017-07-08 00:00:01',0,4),(4394,'abcd1234','conges','2017-07-09 00:00:01',0,4),(4395,'abcd1234','conges','2017-07-10 00:00:01',0,4),(4396,'abcd1234','conges','2017-07-11 00:00:01',0,4),(4397,'abcd1234','conges','2017-07-12 00:00:01',0,4),(4398,'abcd1234','conges','2017-07-13 00:00:01',0,4),(4399,'abcd1234','conges','2017-07-14 00:00:01',0,4),(4400,'abcd1234','conges','2017-07-15 00:00:01',0,4),(4401,'abcd1234','conges','2017-07-16 00:00:01',0,4),(4402,'abcd1234','conges','2017-07-17 00:00:01',0,4),(4403,'abcd1234','conges','2017-07-18 00:00:01',0,4),(4404,'abcd1234','conges','2017-07-19 00:00:01',0,4),(4405,'abcd1234','conges','2017-07-20 00:00:01',0,4),(4406,'abcd1234','conges','2017-07-21 00:00:01',0,4),(4407,'abcd1234','conges','2017-07-22 00:00:01',0,4),(4408,'abcd1234','conges','2017-07-23 00:00:01',0,4),(4409,'abcd1234','conges','2017-07-24 00:00:01',0,4),(4410,'abcd1234','conges','2017-07-25 00:00:01',0,4),(4411,'abcd1234','conges','2017-07-26 00:00:01',0,4),(4412,'abcd1234','conges','2017-07-27 00:00:01',0,4),(4413,'abcd1234','conges','2017-07-28 00:00:01',0,4),(4414,'abcd1234','conges','2017-07-29 00:00:01',0,4),(4415,'abcd1234','conges','2017-07-30 00:00:01',0,4),(4416,'abcd1234','conges','2017-07-31 00:00:01',0,4),(4417,'abcd1234','projet6','2017-07-01 00:00:02',0,5),(4418,'abcd1234','projet6','2017-07-02 00:00:02',0,5),(4419,'abcd1234','projet6','2017-07-03 00:00:02',0,5),(4420,'abcd1234','projet6','2017-07-04 00:00:02',0,5),(4421,'abcd1234','projet6','2017-07-05 00:00:02',0,5),(4422,'abcd1234','projet6','2017-07-06 00:00:02',0,5),(4423,'abcd1234','projet6','2017-07-07 00:00:02',0,5),(4424,'abcd1234','projet6','2017-07-08 00:00:02',0,5),(4425,'abcd1234','projet6','2017-07-09 00:00:02',0,5),(4426,'abcd1234','projet6','2017-07-10 00:00:02',0,5),(4427,'abcd1234','projet6','2017-07-11 00:00:02',0,5),(4428,'abcd1234','projet6','2017-07-12 00:00:02',0,5),(4429,'abcd1234','projet6','2017-07-13 00:00:02',0,5),(4430,'abcd1234','projet6','2017-07-14 00:00:02',0,5),(4431,'abcd1234','projet6','2017-07-15 00:00:02',0,5),(4432,'abcd1234','projet6','2017-07-16 00:00:02',0,5),(4433,'abcd1234','projet6','2017-07-17 00:00:02',0,5),(4434,'abcd1234','projet6','2017-07-18 00:00:02',0,5),(4435,'abcd1234','projet6','2017-07-19 00:00:02',0,5),(4436,'abcd1234','projet6','2017-07-20 00:00:02',0,5),(4437,'abcd1234','projet6','2017-07-21 00:00:02',0,5),(4438,'abcd1234','projet6','2017-07-22 00:00:02',0,5),(4439,'abcd1234','projet6','2017-07-23 00:00:02',0,5),(4440,'abcd1234','projet6','2017-07-24 00:00:02',0,5),(4441,'abcd1234','projet6','2017-07-25 00:00:02',0,5),(4442,'abcd1234','projet6','2017-07-26 00:00:02',0,5),(4443,'abcd1234','projet6','2017-07-27 00:00:02',0,5),(4444,'abcd1234','projet6','2017-07-28 00:00:02',0,5),(4445,'abcd1234','projet6','2017-07-29 00:00:02',0,5),(4446,'abcd1234','projet6','2017-07-30 00:00:02',0,5),(4447,'abcd1234','projet6','2017-07-31 00:00:02',0,5),(4448,'abcd1234','codeProjet','2017-06-01 00:00:01',0,1),(4449,'abcd1234','codeProjet','2017-06-02 00:00:01',0,1),(4450,'abcd1234','codeProjet','2017-06-03 00:00:01',0,1),(4451,'abcd1234','codeProjet','2017-06-04 00:00:01',0,1),(4452,'abcd1234','codeProjet','2017-06-05 00:00:01',0,1),(4453,'abcd1234','codeProjet','2017-06-06 00:00:01',0,1),(4454,'abcd1234','codeProjet','2017-06-07 00:00:01',0,1),(4455,'abcd1234','codeProjet','2017-06-08 00:00:01',0,1),(4456,'abcd1234','codeProjet','2017-06-09 00:00:01',0,1),(4457,'abcd1234','codeProjet','2017-06-10 00:00:01',0,1),(4458,'abcd1234','codeProjet','2017-06-11 00:00:01',0,1),(4459,'abcd1234','codeProjet','2017-06-12 00:00:01',0,1),(4460,'abcd1234','codeProjet','2017-06-13 00:00:01',0,1),(4461,'abcd1234','codeProjet','2017-06-14 00:00:01',0,1),(4462,'abcd1234','codeProjet','2017-06-15 00:00:01',0,1),(4463,'abcd1234','codeProjet','2017-06-16 00:00:01',0,1),(4464,'abcd1234','codeProjet','2017-06-17 00:00:01',0,1),(4465,'abcd1234','codeProjet','2017-06-18 00:00:01',0,1),(4466,'abcd1234','codeProjet','2017-06-19 00:00:01',0,1),(4467,'abcd1234','codeProjet','2017-06-20 00:00:01',0,1),(4468,'abcd1234','codeProjet','2017-06-21 00:00:01',0,1),(4469,'abcd1234','codeProjet','2017-06-22 00:00:01',0,1),(4470,'abcd1234','codeProjet','2017-06-23 00:00:01',0,1),(4471,'abcd1234','codeProjet','2017-06-24 00:00:01',0,1),(4472,'abcd1234','codeProjet','2017-06-25 00:00:01',0,1),(4473,'abcd1234','codeProjet','2017-06-26 00:00:01',0,1),(4474,'abcd1234','codeProjet','2017-06-27 00:00:01',0,1),(4475,'abcd1234','codeProjet','2017-06-28 00:00:01',0,1),(4476,'abcd1234','codeProjet','2017-06-29 00:00:01',0,1),(4477,'abcd1234','codeProjet','2017-06-30 00:00:01',0,1),(4478,'abcd1234','codeProjet','2017-06-01 00:00:01',0,2),(4479,'abcd1234','codeProjet','2017-06-02 00:00:01',0,2),(4480,'abcd1234','codeProjet','2017-06-03 00:00:01',0,2),(4481,'abcd1234','codeProjet','2017-06-04 00:00:01',0,2),(4482,'abcd1234','codeProjet','2017-06-05 00:00:01',0,2),(4483,'abcd1234','codeProjet','2017-06-06 00:00:01',0,2),(4484,'abcd1234','codeProjet','2017-06-07 00:00:01',0,2),(4485,'abcd1234','codeProjet','2017-06-08 00:00:01',0,2),(4486,'abcd1234','codeProjet','2017-06-09 00:00:01',0,2),(4487,'abcd1234','codeProjet','2017-06-10 00:00:01',0,2),(4488,'abcd1234','codeProjet','2017-06-11 00:00:01',0,2),(4489,'abcd1234','codeProjet','2017-06-12 00:00:01',0,2),(4490,'abcd1234','codeProjet','2017-06-13 00:00:01',0,2),(4491,'abcd1234','codeProjet','2017-06-14 00:00:01',0,2),(4492,'abcd1234','codeProjet','2017-06-15 00:00:01',0,2),(4493,'abcd1234','codeProjet','2017-06-16 00:00:01',0,2),(4494,'abcd1234','codeProjet','2017-06-17 00:00:01',0,2),(4495,'abcd1234','codeProjet','2017-06-18 00:00:01',0,2),(4496,'abcd1234','codeProjet','2017-06-19 00:00:01',0,2),(4497,'abcd1234','codeProjet','2017-06-20 00:00:01',0,2),(4498,'abcd1234','codeProjet','2017-06-21 00:00:01',0,2),(4499,'abcd1234','codeProjet','2017-06-22 00:00:01',0,2),(4500,'abcd1234','codeProjet','2017-06-23 00:00:01',0,2),(4501,'abcd1234','codeProjet','2017-06-24 00:00:01',0,2),(4502,'abcd1234','codeProjet','2017-06-25 00:00:01',0,2),(4503,'abcd1234','codeProjet','2017-06-26 00:00:01',0,2),(4504,'abcd1234','codeProjet','2017-06-27 00:00:01',0,2),(4505,'abcd1234','codeProjet','2017-06-28 00:00:01',0,2),(4506,'abcd1234','codeProjet','2017-06-29 00:00:01',0,2),(4507,'abcd1234','codeProjet','2017-06-30 00:00:01',0,2),(4508,'abcd1234','codeProjet','2017-06-01 00:00:02',0,3),(4509,'abcd1234','codeProjet','2017-06-02 00:00:02',0,3),(4510,'abcd1234','codeProjet','2017-06-03 00:00:02',0,3),(4511,'abcd1234','codeProjet','2017-06-04 00:00:02',0,3),(4512,'abcd1234','codeProjet','2017-06-05 00:00:02',0,3),(4513,'abcd1234','codeProjet','2017-06-06 00:00:02',0,3),(4514,'abcd1234','codeProjet','2017-06-07 00:00:02',0,3),(4515,'abcd1234','codeProjet','2017-06-08 00:00:02',0,3),(4516,'abcd1234','codeProjet','2017-06-09 00:00:02',0,3),(4517,'abcd1234','codeProjet','2017-06-10 00:00:02',0,3),(4518,'abcd1234','codeProjet','2017-06-11 00:00:02',0,3),(4519,'abcd1234','codeProjet','2017-06-12 00:00:02',0,3),(4520,'abcd1234','codeProjet','2017-06-13 00:00:02',0,3),(4521,'abcd1234','codeProjet','2017-06-14 00:00:02',0,3),(4522,'abcd1234','codeProjet','2017-06-15 00:00:02',0,3),(4523,'abcd1234','codeProjet','2017-06-16 00:00:02',0,3),(4524,'abcd1234','codeProjet','2017-06-17 00:00:02',0,3),(4525,'abcd1234','codeProjet','2017-06-18 00:00:02',0,3),(4526,'abcd1234','codeProjet','2017-06-19 00:00:02',0,3),(4527,'abcd1234','codeProjet','2017-06-20 00:00:02',0,3),(4528,'abcd1234','codeProjet','2017-06-21 00:00:02',0,3),(4529,'abcd1234','codeProjet','2017-06-22 00:00:02',0,3),(4530,'abcd1234','codeProjet','2017-06-23 00:00:02',0,3),(4531,'abcd1234','codeProjet','2017-06-24 00:00:02',0,3),(4532,'abcd1234','codeProjet','2017-06-25 00:00:02',0,3),(4533,'abcd1234','codeProjet','2017-06-26 00:00:02',0,3),(4534,'abcd1234','codeProjet','2017-06-27 00:00:02',0,3),(4535,'abcd1234','codeProjet','2017-06-28 00:00:02',0,3),(4536,'abcd1234','codeProjet','2017-06-29 00:00:02',0,3),(4537,'abcd1234','codeProjet','2017-06-30 00:00:02',0,3),(4538,'abcd1234','codeProjet','2017-06-01 00:00:02',0,4),(4539,'abcd1234','codeProjet','2017-06-02 00:00:02',0,4),(4540,'abcd1234','codeProjet','2017-06-03 00:00:02',0,4),(4541,'abcd1234','codeProjet','2017-06-04 00:00:02',0,4),(4542,'abcd1234','codeProjet','2017-06-05 00:00:02',0,4),(4543,'abcd1234','codeProjet','2017-06-06 00:00:02',0,4),(4544,'abcd1234','codeProjet','2017-06-07 00:00:02',0,4),(4545,'abcd1234','codeProjet','2017-06-08 00:00:02',0,4),(4546,'abcd1234','codeProjet','2017-06-09 00:00:02',0,4),(4547,'abcd1234','codeProjet','2017-06-10 00:00:02',0,4),(4548,'abcd1234','codeProjet','2017-06-11 00:00:02',0,4),(4549,'abcd1234','codeProjet','2017-06-12 00:00:02',0,4),(4550,'abcd1234','codeProjet','2017-06-13 00:00:02',0,4),(4551,'abcd1234','codeProjet','2017-06-14 00:00:02',0,4),(4552,'abcd1234','codeProjet','2017-06-15 00:00:02',0,4),(4553,'abcd1234','codeProjet','2017-06-16 00:00:02',0,4),(4554,'abcd1234','codeProjet','2017-06-17 00:00:02',0,4),(4555,'abcd1234','codeProjet','2017-06-18 00:00:02',0,4),(4556,'abcd1234','codeProjet','2017-06-19 00:00:02',0,4),(4557,'abcd1234','codeProjet','2017-06-20 00:00:02',0,4),(4558,'abcd1234','codeProjet','2017-06-21 00:00:02',0,4),(4559,'abcd1234','codeProjet','2017-06-22 00:00:02',0,4),(4560,'abcd1234','codeProjet','2017-06-23 00:00:02',0,4),(4561,'abcd1234','codeProjet','2017-06-24 00:00:02',0,4),(4562,'abcd1234','codeProjet','2017-06-25 00:00:02',0,4),(4563,'abcd1234','codeProjet','2017-06-26 00:00:02',0,4),(4564,'abcd1234','codeProjet','2017-06-27 00:00:02',0,4),(4565,'abcd1234','codeProjet','2017-06-28 00:00:02',0,4),(4566,'abcd1234','codeProjet','2017-06-29 00:00:02',0,4),(4567,'abcd1234','codeProjet','2017-06-30 00:00:02',0,4),(4568,'abcd1234','codeProjet','2017-06-01 00:00:02',0,5),(4569,'abcd1234','codeProjet','2017-06-02 00:00:02',0,5),(4570,'abcd1234','codeProjet','2017-06-03 00:00:02',0,5),(4571,'abcd1234','codeProjet','2017-06-04 00:00:02',0,5),(4572,'abcd1234','codeProjet','2017-06-05 00:00:02',0,5),(4573,'abcd1234','codeProjet','2017-06-06 00:00:02',0,5),(4574,'abcd1234','codeProjet','2017-06-07 00:00:02',0,5),(4575,'abcd1234','codeProjet','2017-06-08 00:00:02',0,5),(4576,'abcd1234','codeProjet','2017-06-09 00:00:02',0,5),(4577,'abcd1234','codeProjet','2017-06-10 00:00:02',0,5),(4578,'abcd1234','codeProjet','2017-06-11 00:00:02',0,5),(4579,'abcd1234','codeProjet','2017-06-12 00:00:02',0,5),(4580,'abcd1234','codeProjet','2017-06-13 00:00:02',0,5),(4581,'abcd1234','codeProjet','2017-06-14 00:00:02',0,5),(4582,'abcd1234','codeProjet','2017-06-15 00:00:02',0,5),(4583,'abcd1234','codeProjet','2017-06-16 00:00:02',0,5),(4584,'abcd1234','codeProjet','2017-06-17 00:00:02',0,5),(4585,'abcd1234','codeProjet','2017-06-18 00:00:02',0,5),(4586,'abcd1234','codeProjet','2017-06-19 00:00:02',0,5),(4587,'abcd1234','codeProjet','2017-06-20 00:00:02',0,5),(4588,'abcd1234','codeProjet','2017-06-21 00:00:02',0,5),(4589,'abcd1234','codeProjet','2017-06-22 00:00:02',0,5),(4590,'abcd1234','codeProjet','2017-06-23 00:00:02',0,5),(4591,'abcd1234','codeProjet','2017-06-24 00:00:02',0,5),(4592,'abcd1234','codeProjet','2017-06-25 00:00:02',0,5),(4593,'abcd1234','codeProjet','2017-06-26 00:00:02',0,5),(4594,'abcd1234','codeProjet','2017-06-27 00:00:02',0,5),(4595,'abcd1234','codeProjet','2017-06-28 00:00:02',0,5),(4596,'abcd1234','codeProjet','2017-06-29 00:00:02',0,5),(4597,'abcd1234','codeProjet','2017-06-30 00:00:02',0,5),(4598,'abcd1234','codeProjet','2017-05-01 00:00:02',0,1),(4599,'abcd1234','codeProjet','2017-05-02 00:00:02',0,1),(4600,'abcd1234','codeProjet','2017-05-03 00:00:02',0,1),(4601,'abcd1234','codeProjet','2017-05-04 00:00:02',0,1),(4602,'abcd1234','codeProjet','2017-05-05 00:00:02',0,1),(4603,'abcd1234','codeProjet','2017-05-06 00:00:02',0,1),(4604,'abcd1234','codeProjet','2017-05-07 00:00:02',0,1),(4605,'abcd1234','codeProjet','2017-05-08 00:00:02',0,1),(4606,'abcd1234','codeProjet','2017-05-09 00:00:02',0,1),(4607,'abcd1234','codeProjet','2017-05-10 00:00:02',0,1),(4608,'abcd1234','codeProjet','2017-05-11 00:00:02',0,1),(4609,'abcd1234','codeProjet','2017-05-12 00:00:02',0,1),(4610,'abcd1234','codeProjet','2017-05-13 00:00:02',0,1),(4611,'abcd1234','codeProjet','2017-05-14 00:00:02',0,1),(4612,'abcd1234','codeProjet','2017-05-15 00:00:02',0,1),(4613,'abcd1234','codeProjet','2017-05-16 00:00:02',0,1),(4614,'abcd1234','codeProjet','2017-05-17 00:00:02',0,1),(4615,'abcd1234','codeProjet','2017-05-18 00:00:02',0,1),(4616,'abcd1234','codeProjet','2017-05-19 00:00:02',0,1),(4617,'abcd1234','codeProjet','2017-05-20 00:00:02',0,1),(4618,'abcd1234','codeProjet','2017-05-21 00:00:02',0,1),(4619,'abcd1234','codeProjet','2017-05-22 00:00:02',0,1),(4620,'abcd1234','codeProjet','2017-05-23 00:00:02',0,1),(4621,'abcd1234','codeProjet','2017-05-24 00:00:02',0,1),(4622,'abcd1234','codeProjet','2017-05-25 00:00:02',0,1),(4623,'abcd1234','codeProjet','2017-05-26 00:00:02',0,1),(4624,'abcd1234','codeProjet','2017-05-27 00:00:02',0,1),(4625,'abcd1234','codeProjet','2017-05-28 00:00:02',0,1),(4626,'abcd1234','codeProjet','2017-05-29 00:00:02',0,1),(4627,'abcd1234','codeProjet','2017-05-30 00:00:02',0,1),(4628,'abcd1234','codeProjet','2017-05-31 00:00:02',0,1),(4629,'abcd1234','codeProjet','2017-05-01 00:00:02',0,2),(4630,'abcd1234','codeProjet','2017-05-02 00:00:02',0,2),(4631,'abcd1234','codeProjet','2017-05-03 00:00:02',0,2),(4632,'abcd1234','codeProjet','2017-05-04 00:00:02',0,2),(4633,'abcd1234','codeProjet','2017-05-05 00:00:02',0,2),(4634,'abcd1234','codeProjet','2017-05-06 00:00:02',0,2),(4635,'abcd1234','codeProjet','2017-05-07 00:00:02',0,2),(4636,'abcd1234','codeProjet','2017-05-08 00:00:02',0,2),(4637,'abcd1234','codeProjet','2017-05-09 00:00:02',0,2),(4638,'abcd1234','codeProjet','2017-05-10 00:00:02',0,2),(4639,'abcd1234','codeProjet','2017-05-11 00:00:02',0,2),(4640,'abcd1234','codeProjet','2017-05-12 00:00:02',0,2),(4641,'abcd1234','codeProjet','2017-05-13 00:00:02',0,2),(4642,'abcd1234','codeProjet','2017-05-14 00:00:02',0,2),(4643,'abcd1234','codeProjet','2017-05-15 00:00:02',0,2),(4644,'abcd1234','codeProjet','2017-05-16 00:00:02',0,2),(4645,'abcd1234','codeProjet','2017-05-17 00:00:02',0,2),(4646,'abcd1234','codeProjet','2017-05-18 00:00:02',0,2),(4647,'abcd1234','codeProjet','2017-05-19 00:00:02',0,2),(4648,'abcd1234','codeProjet','2017-05-20 00:00:02',0,2),(4649,'abcd1234','codeProjet','2017-05-21 00:00:02',0,2),(4650,'abcd1234','codeProjet','2017-05-22 00:00:02',0,2),(4651,'abcd1234','codeProjet','2017-05-23 00:00:02',0,2),(4652,'abcd1234','codeProjet','2017-05-24 00:00:02',0,2),(4653,'abcd1234','codeProjet','2017-05-25 00:00:02',0,2),(4654,'abcd1234','codeProjet','2017-05-26 00:00:02',0,2),(4655,'abcd1234','codeProjet','2017-05-27 00:00:02',0,2),(4656,'abcd1234','codeProjet','2017-05-28 00:00:02',0,2),(4657,'abcd1234','codeProjet','2017-05-29 00:00:02',0,2),(4658,'abcd1234','codeProjet','2017-05-30 00:00:02',0,2),(4659,'abcd1234','codeProjet','2017-05-31 00:00:02',0,2),(4660,'abcd1234','codeProjet','2017-05-01 00:00:01',0,3),(4661,'abcd1234','codeProjet','2017-05-02 00:00:01',0,3),(4662,'abcd1234','codeProjet','2017-05-03 00:00:01',0,3),(4663,'abcd1234','codeProjet','2017-05-04 00:00:01',0,3),(4664,'abcd1234','codeProjet','2017-05-05 00:00:01',0,3),(4665,'abcd1234','codeProjet','2017-05-06 00:00:01',0,3),(4666,'abcd1234','codeProjet','2017-05-07 00:00:01',0,3),(4667,'abcd1234','codeProjet','2017-05-08 00:00:01',0,3),(4668,'abcd1234','codeProjet','2017-05-09 00:00:01',0,3),(4669,'abcd1234','codeProjet','2017-05-10 00:00:01',0,3),(4670,'abcd1234','codeProjet','2017-05-11 00:00:01',0,3),(4671,'abcd1234','codeProjet','2017-05-12 00:00:01',0,3),(4672,'abcd1234','codeProjet','2017-05-13 00:00:01',0,3),(4673,'abcd1234','codeProjet','2017-05-14 00:00:01',0,3),(4674,'abcd1234','codeProjet','2017-05-15 00:00:01',0,3),(4675,'abcd1234','codeProjet','2017-05-16 00:00:01',0,3),(4676,'abcd1234','codeProjet','2017-05-17 00:00:01',0,3),(4677,'abcd1234','codeProjet','2017-05-18 00:00:01',0,3),(4678,'abcd1234','codeProjet','2017-05-19 00:00:01',0,3),(4679,'abcd1234','codeProjet','2017-05-20 00:00:01',0,3),(4680,'abcd1234','codeProjet','2017-05-21 00:00:01',0,3),(4681,'abcd1234','codeProjet','2017-05-22 00:00:01',0,3),(4682,'abcd1234','codeProjet','2017-05-23 00:00:01',0,3),(4683,'abcd1234','codeProjet','2017-05-24 00:00:01',0,3),(4684,'abcd1234','codeProjet','2017-05-25 00:00:01',0,3),(4685,'abcd1234','codeProjet','2017-05-26 00:00:01',0,3),(4686,'abcd1234','codeProjet','2017-05-27 00:00:01',0,3),(4687,'abcd1234','codeProjet','2017-05-28 00:00:01',0,3),(4688,'abcd1234','codeProjet','2017-05-29 00:00:01',0,3),(4689,'abcd1234','codeProjet','2017-05-30 00:00:01',0,3),(4690,'abcd1234','codeProjet','2017-05-31 00:00:01',0,3),(4691,'abcd1234','codeProjet','2017-05-01 00:00:01',0,4),(4692,'abcd1234','codeProjet','2017-05-02 00:00:01',0,4),(4693,'abcd1234','codeProjet','2017-05-03 00:00:01',0,4),(4694,'abcd1234','codeProjet','2017-05-04 00:00:01',0,4),(4695,'abcd1234','codeProjet','2017-05-05 00:00:01',0,4),(4696,'abcd1234','codeProjet','2017-05-06 00:00:01',0,4),(4697,'abcd1234','codeProjet','2017-05-07 00:00:01',0,4),(4698,'abcd1234','codeProjet','2017-05-08 00:00:01',0,4),(4699,'abcd1234','codeProjet','2017-05-09 00:00:01',0,4),(4700,'abcd1234','codeProjet','2017-05-10 00:00:01',0,4),(4701,'abcd1234','codeProjet','2017-05-11 00:00:01',0,4),(4702,'abcd1234','codeProjet','2017-05-12 00:00:01',0,4),(4703,'abcd1234','codeProjet','2017-05-13 00:00:01',0,4),(4704,'abcd1234','codeProjet','2017-05-14 00:00:01',0,4),(4705,'abcd1234','codeProjet','2017-05-15 00:00:01',0,4),(4706,'abcd1234','codeProjet','2017-05-16 00:00:01',0,4),(4707,'abcd1234','codeProjet','2017-05-17 00:00:01',0,4),(4708,'abcd1234','codeProjet','2017-05-18 00:00:01',0,4),(4709,'abcd1234','codeProjet','2017-05-19 00:00:01',0,4),(4710,'abcd1234','codeProjet','2017-05-20 00:00:01',0,4),(4711,'abcd1234','codeProjet','2017-05-21 00:00:01',0,4),(4712,'abcd1234','codeProjet','2017-05-22 00:00:01',0,4),(4713,'abcd1234','codeProjet','2017-05-23 00:00:01',0,4),(4714,'abcd1234','codeProjet','2017-05-24 00:00:01',0,4),(4715,'abcd1234','codeProjet','2017-05-25 00:00:01',0,4),(4716,'abcd1234','codeProjet','2017-05-26 00:00:01',0,4),(4717,'abcd1234','codeProjet','2017-05-27 00:00:01',0,4),(4718,'abcd1234','codeProjet','2017-05-28 00:00:01',0,4),(4719,'abcd1234','codeProjet','2017-05-29 00:00:01',0,4),(4720,'abcd1234','codeProjet','2017-05-30 00:00:01',0,4),(4721,'abcd1234','codeProjet','2017-05-31 00:00:01',0,4),(4722,'abcd1234','codeProjet','2017-05-01 00:00:01',0,5),(4723,'abcd1234','codeProjet','2017-05-02 00:00:01',0,5),(4724,'abcd1234','codeProjet','2017-05-03 00:00:01',0,5),(4725,'abcd1234','codeProjet','2017-05-04 00:00:01',0,5),(4726,'abcd1234','codeProjet','2017-05-05 00:00:01',0,5),(4727,'abcd1234','codeProjet','2017-05-06 00:00:01',0,5),(4728,'abcd1234','codeProjet','2017-05-07 00:00:01',0,5),(4729,'abcd1234','codeProjet','2017-05-08 00:00:01',0,5),(4730,'abcd1234','codeProjet','2017-05-09 00:00:01',0,5),(4731,'abcd1234','codeProjet','2017-05-10 00:00:01',0,5),(4732,'abcd1234','codeProjet','2017-05-11 00:00:01',0,5),(4733,'abcd1234','codeProjet','2017-05-12 00:00:01',0,5),(4734,'abcd1234','codeProjet','2017-05-13 00:00:01',0,5),(4735,'abcd1234','codeProjet','2017-05-14 00:00:01',0,5),(4736,'abcd1234','codeProjet','2017-05-15 00:00:01',0,5),(4737,'abcd1234','codeProjet','2017-05-16 00:00:01',0,5),(4738,'abcd1234','codeProjet','2017-05-17 00:00:01',0,5),(4739,'abcd1234','codeProjet','2017-05-18 00:00:01',0,5),(4740,'abcd1234','codeProjet','2017-05-19 00:00:01',0,5),(4741,'abcd1234','codeProjet','2017-05-20 00:00:01',0,5),(4742,'abcd1234','codeProjet','2017-05-21 00:00:01',0,5),(4743,'abcd1234','codeProjet','2017-05-22 00:00:01',0,5),(4744,'abcd1234','codeProjet','2017-05-23 00:00:01',0,5),(4745,'abcd1234','codeProjet','2017-05-24 00:00:01',0,5),(4746,'abcd1234','codeProjet','2017-05-25 00:00:01',0,5),(4747,'abcd1234','codeProjet','2017-05-26 00:00:01',0,5),(4748,'abcd1234','codeProjet','2017-05-27 00:00:01',0,5),(4749,'abcd1234','codeProjet','2017-05-28 00:00:01',0,5),(4750,'abcd1234','codeProjet','2017-05-29 00:00:01',0,5),(4751,'abcd1234','codeProjet','2017-05-30 00:00:01',0,5),(4752,'abcd1234','codeProjet','2017-05-31 00:00:01',0,5),(4753,'abcd1234','codeProjet','2017-04-01 00:00:02',0,1),(4754,'abcd1234','codeProjet','2017-04-02 00:00:02',0,1),(4755,'abcd1234','codeProjet','2017-04-03 00:00:02',0,1),(4756,'abcd1234','codeProjet','2017-04-04 00:00:02',0,1),(4757,'abcd1234','codeProjet','2017-04-05 00:00:02',0,1),(4758,'abcd1234','codeProjet','2017-04-06 00:00:02',0,1),(4759,'abcd1234','codeProjet','2017-04-07 00:00:02',0,1),(4760,'abcd1234','codeProjet','2017-04-08 00:00:02',0,1),(4761,'abcd1234','codeProjet','2017-04-09 00:00:02',0,1),(4762,'abcd1234','codeProjet','2017-04-10 00:00:02',0,1),(4763,'abcd1234','codeProjet','2017-04-11 00:00:02',0,1),(4764,'abcd1234','codeProjet','2017-04-12 00:00:02',0,1),(4765,'abcd1234','codeProjet','2017-04-13 00:00:02',0,1),(4766,'abcd1234','codeProjet','2017-04-14 00:00:02',0,1),(4767,'abcd1234','codeProjet','2017-04-15 00:00:02',0,1),(4768,'abcd1234','codeProjet','2017-04-16 00:00:02',0,1),(4769,'abcd1234','codeProjet','2017-04-17 00:00:02',0,1),(4770,'abcd1234','codeProjet','2017-04-18 00:00:02',0,1),(4771,'abcd1234','codeProjet','2017-04-19 00:00:02',0,1),(4772,'abcd1234','codeProjet','2017-04-20 00:00:02',0,1),(4773,'abcd1234','codeProjet','2017-04-21 00:00:02',0,1),(4774,'abcd1234','codeProjet','2017-04-22 00:00:02',0,1),(4775,'abcd1234','codeProjet','2017-04-23 00:00:02',0,1),(4776,'abcd1234','codeProjet','2017-04-24 00:00:02',0,1),(4777,'abcd1234','codeProjet','2017-04-25 00:00:02',0,1),(4778,'abcd1234','codeProjet','2017-04-26 00:00:02',0,1),(4779,'abcd1234','codeProjet','2017-04-27 00:00:02',0,1),(4780,'abcd1234','codeProjet','2017-04-28 00:00:02',0,1),(4781,'abcd1234','codeProjet','2017-04-29 00:00:02',0,1),(4782,'abcd1234','codeProjet','2017-04-30 00:00:02',0,1),(4783,'abcd1234','codeProjet','2017-04-01 00:00:02',0,2),(4784,'abcd1234','codeProjet','2017-04-02 00:00:02',0,2),(4785,'abcd1234','codeProjet','2017-04-03 00:00:02',0,2),(4786,'abcd1234','codeProjet','2017-04-04 00:00:02',0,2),(4787,'abcd1234','codeProjet','2017-04-05 00:00:02',0,2),(4788,'abcd1234','codeProjet','2017-04-06 00:00:02',0,2),(4789,'abcd1234','codeProjet','2017-04-07 00:00:02',0,2),(4790,'abcd1234','codeProjet','2017-04-08 00:00:02',0,2),(4791,'abcd1234','codeProjet','2017-04-09 00:00:02',0,2),(4792,'abcd1234','codeProjet','2017-04-10 00:00:02',0,2),(4793,'abcd1234','codeProjet','2017-04-11 00:00:02',0,2),(4794,'abcd1234','codeProjet','2017-04-12 00:00:02',0,2),(4795,'abcd1234','codeProjet','2017-04-13 00:00:02',0,2),(4796,'abcd1234','codeProjet','2017-04-14 00:00:02',0,2),(4797,'abcd1234','codeProjet','2017-04-15 00:00:02',0,2),(4798,'abcd1234','codeProjet','2017-04-16 00:00:02',0,2),(4799,'abcd1234','codeProjet','2017-04-17 00:00:02',0,2),(4800,'abcd1234','codeProjet','2017-04-18 00:00:02',0,2),(4801,'abcd1234','codeProjet','2017-04-19 00:00:02',0,2),(4802,'abcd1234','codeProjet','2017-04-20 00:00:02',0,2),(4803,'abcd1234','codeProjet','2017-04-21 00:00:02',0,2),(4804,'abcd1234','codeProjet','2017-04-22 00:00:02',0,2),(4805,'abcd1234','codeProjet','2017-04-23 00:00:02',0,2),(4806,'abcd1234','codeProjet','2017-04-24 00:00:02',0,2),(4807,'abcd1234','codeProjet','2017-04-25 00:00:02',0,2),(4808,'abcd1234','codeProjet','2017-04-26 00:00:02',0,2),(4809,'abcd1234','codeProjet','2017-04-27 00:00:02',0,2),(4810,'abcd1234','codeProjet','2017-04-28 00:00:02',0,2),(4811,'abcd1234','codeProjet','2017-04-29 00:00:02',0,2),(4812,'abcd1234','codeProjet','2017-04-30 00:00:02',0,2),(4813,'abcd1234','codeProjet','2017-04-01 00:00:02',0,3),(4814,'abcd1234','codeProjet','2017-04-02 00:00:02',0,3),(4815,'abcd1234','codeProjet','2017-04-03 00:00:02',0,3),(4816,'abcd1234','codeProjet','2017-04-04 00:00:02',0,3),(4817,'abcd1234','codeProjet','2017-04-05 00:00:02',0,3),(4818,'abcd1234','codeProjet','2017-04-06 00:00:02',0,3),(4819,'abcd1234','codeProjet','2017-04-07 00:00:02',0,3),(4820,'abcd1234','codeProjet','2017-04-08 00:00:02',0,3),(4821,'abcd1234','codeProjet','2017-04-09 00:00:02',0,3),(4822,'abcd1234','codeProjet','2017-04-10 00:00:02',0,3),(4823,'abcd1234','codeProjet','2017-04-11 00:00:02',0,3),(4824,'abcd1234','codeProjet','2017-04-12 00:00:02',0,3),(4825,'abcd1234','codeProjet','2017-04-13 00:00:02',0,3),(4826,'abcd1234','codeProjet','2017-04-14 00:00:02',0,3),(4827,'abcd1234','codeProjet','2017-04-15 00:00:02',0,3),(4828,'abcd1234','codeProjet','2017-04-16 00:00:02',0,3),(4829,'abcd1234','codeProjet','2017-04-17 00:00:02',0,3),(4830,'abcd1234','codeProjet','2017-04-18 00:00:02',0,3),(4831,'abcd1234','codeProjet','2017-04-19 00:00:02',0,3),(4832,'abcd1234','codeProjet','2017-04-20 00:00:02',0,3),(4833,'abcd1234','codeProjet','2017-04-21 00:00:02',0,3),(4834,'abcd1234','codeProjet','2017-04-22 00:00:02',0,3),(4835,'abcd1234','codeProjet','2017-04-23 00:00:02',0,3),(4836,'abcd1234','codeProjet','2017-04-24 00:00:02',0,3),(4837,'abcd1234','codeProjet','2017-04-25 00:00:02',0,3),(4838,'abcd1234','codeProjet','2017-04-26 00:00:02',0,3),(4839,'abcd1234','codeProjet','2017-04-27 00:00:02',0,3),(4840,'abcd1234','codeProjet','2017-04-28 00:00:02',0,3),(4841,'abcd1234','codeProjet','2017-04-29 00:00:02',0,3),(4842,'abcd1234','codeProjet','2017-04-30 00:00:02',0,3),(4843,'abcd1234','codeProjet','2017-04-01 00:00:01',0,4),(4844,'abcd1234','codeProjet','2017-04-02 00:00:01',0,4),(4845,'abcd1234','codeProjet','2017-04-03 00:00:01',0,4),(4846,'abcd1234','codeProjet','2017-04-04 00:00:01',0,4),(4847,'abcd1234','codeProjet','2017-04-05 00:00:01',0,4),(4848,'abcd1234','codeProjet','2017-04-06 00:00:01',0,4),(4849,'abcd1234','codeProjet','2017-04-07 00:00:01',0,4),(4850,'abcd1234','codeProjet','2017-04-08 00:00:01',0,4),(4851,'abcd1234','codeProjet','2017-04-09 00:00:01',0,4),(4852,'abcd1234','codeProjet','2017-04-10 00:00:01',0,4),(4853,'abcd1234','codeProjet','2017-04-11 00:00:01',0,4),(4854,'abcd1234','codeProjet','2017-04-12 00:00:01',0,4),(4855,'abcd1234','codeProjet','2017-04-13 00:00:01',0,4),(4856,'abcd1234','codeProjet','2017-04-14 00:00:01',0,4),(4857,'abcd1234','codeProjet','2017-04-15 00:00:01',0,4),(4858,'abcd1234','codeProjet','2017-04-16 00:00:01',0,4),(4859,'abcd1234','codeProjet','2017-04-17 00:00:01',0,4),(4860,'abcd1234','codeProjet','2017-04-18 00:00:01',0,4),(4861,'abcd1234','codeProjet','2017-04-19 00:00:01',0,4),(4862,'abcd1234','codeProjet','2017-04-20 00:00:01',0,4),(4863,'abcd1234','codeProjet','2017-04-21 00:00:01',0,4),(4864,'abcd1234','codeProjet','2017-04-22 00:00:01',0,4),(4865,'abcd1234','codeProjet','2017-04-23 00:00:01',0,4),(4866,'abcd1234','codeProjet','2017-04-24 00:00:01',0,4),(4867,'abcd1234','codeProjet','2017-04-25 00:00:01',0,4),(4868,'abcd1234','codeProjet','2017-04-26 00:00:01',0,4),(4869,'abcd1234','codeProjet','2017-04-27 00:00:01',0,4),(4870,'abcd1234','codeProjet','2017-04-28 00:00:01',0,4),(4871,'abcd1234','codeProjet','2017-04-29 00:00:01',0,4),(4872,'abcd1234','codeProjet','2017-04-30 00:00:01',0,4),(4873,'abcd1234','codeProjet','2017-04-01 00:00:01',0,5),(4874,'abcd1234','codeProjet','2017-04-02 00:00:01',0,5),(4875,'abcd1234','codeProjet','2017-04-03 00:00:01',0,5),(4876,'abcd1234','codeProjet','2017-04-04 00:00:01',0,5),(4877,'abcd1234','codeProjet','2017-04-05 00:00:01',0,5),(4878,'abcd1234','codeProjet','2017-04-06 00:00:01',0,5),(4879,'abcd1234','codeProjet','2017-04-07 00:00:01',0,5),(4880,'abcd1234','codeProjet','2017-04-08 00:00:01',0,5),(4881,'abcd1234','codeProjet','2017-04-09 00:00:01',0,5),(4882,'abcd1234','codeProjet','2017-04-10 00:00:01',0,5),(4883,'abcd1234','codeProjet','2017-04-11 00:00:01',0,5),(4884,'abcd1234','codeProjet','2017-04-12 00:00:01',0,5),(4885,'abcd1234','codeProjet','2017-04-13 00:00:01',0,5),(4886,'abcd1234','codeProjet','2017-04-14 00:00:01',0,5),(4887,'abcd1234','codeProjet','2017-04-15 00:00:01',0,5),(4888,'abcd1234','codeProjet','2017-04-16 00:00:01',0,5),(4889,'abcd1234','codeProjet','2017-04-17 00:00:01',0,5),(4890,'abcd1234','codeProjet','2017-04-18 00:00:01',0,5),(4891,'abcd1234','codeProjet','2017-04-19 00:00:01',0,5),(4892,'abcd1234','codeProjet','2017-04-20 00:00:01',0,5),(4893,'abcd1234','codeProjet','2017-04-21 00:00:01',0,5),(4894,'abcd1234','codeProjet','2017-04-22 00:00:01',0,5),(4895,'abcd1234','codeProjet','2017-04-23 00:00:01',0,5),(4896,'abcd1234','codeProjet','2017-04-24 00:00:01',0,5),(4897,'abcd1234','codeProjet','2017-04-25 00:00:01',0,5),(4898,'abcd1234','codeProjet','2017-04-26 00:00:01',0,5),(4899,'abcd1234','codeProjet','2017-04-27 00:00:01',0,5),(4900,'abcd1234','codeProjet','2017-04-28 00:00:01',0,5),(4901,'abcd1234','codeProjet','2017-04-29 00:00:01',0,5),(4902,'abcd1234','codeProjet','2017-04-30 00:00:01',0,5),(4903,'abcd1234','codeProjet','2017-03-01 00:00:02',0,1),(4904,'abcd1234','codeProjet','2017-03-02 00:00:02',0,1),(4905,'abcd1234','codeProjet','2017-03-03 00:00:02',0,1),(4906,'abcd1234','codeProjet','2017-03-04 00:00:02',0,1),(4907,'abcd1234','codeProjet','2017-03-05 00:00:02',0,1),(4908,'abcd1234','codeProjet','2017-03-06 00:00:02',0,1),(4909,'abcd1234','codeProjet','2017-03-07 00:00:02',0,1),(4910,'abcd1234','codeProjet','2017-03-08 00:00:02',0,1),(4911,'abcd1234','codeProjet','2017-03-09 00:00:02',0,1),(4912,'abcd1234','codeProjet','2017-03-10 00:00:02',0,1),(4913,'abcd1234','codeProjet','2017-03-11 00:00:02',0,1),(4914,'abcd1234','codeProjet','2017-03-12 00:00:02',0,1),(4915,'abcd1234','codeProjet','2017-03-13 00:00:02',0,1),(4916,'abcd1234','codeProjet','2017-03-14 00:00:02',0,1),(4917,'abcd1234','codeProjet','2017-03-15 00:00:02',0,1),(4918,'abcd1234','codeProjet','2017-03-16 00:00:02',0,1),(4919,'abcd1234','codeProjet','2017-03-17 00:00:02',0,1),(4920,'abcd1234','codeProjet','2017-03-18 00:00:02',0,1),(4921,'abcd1234','codeProjet','2017-03-19 00:00:02',0,1),(4922,'abcd1234','codeProjet','2017-03-20 00:00:02',0,1),(4923,'abcd1234','codeProjet','2017-03-21 00:00:02',0,1),(4924,'abcd1234','codeProjet','2017-03-22 00:00:02',0,1),(4925,'abcd1234','codeProjet','2017-03-23 00:00:02',0,1),(4926,'abcd1234','codeProjet','2017-03-24 00:00:02',0,1),(4927,'abcd1234','codeProjet','2017-03-25 00:00:02',0,1),(4928,'abcd1234','codeProjet','2017-03-26 00:00:02',0,1),(4929,'abcd1234','codeProjet','2017-03-27 00:00:02',0,1),(4930,'abcd1234','codeProjet','2017-03-28 00:00:02',0,1),(4931,'abcd1234','codeProjet','2017-03-29 00:00:02',0,1),(4932,'abcd1234','codeProjet','2017-03-30 00:00:02',0,1),(4933,'abcd1234','codeProjet','2017-03-31 00:00:02',0,1),(4934,'abcd1234','codeProjet','2017-03-01 00:00:01',0,2),(4935,'abcd1234','codeProjet','2017-03-02 00:00:01',0,2),(4936,'abcd1234','codeProjet','2017-03-03 00:00:01',0,2),(4937,'abcd1234','codeProjet','2017-03-04 00:00:01',0,2),(4938,'abcd1234','codeProjet','2017-03-05 00:00:01',0,2),(4939,'abcd1234','codeProjet','2017-03-06 00:00:01',0,2),(4940,'abcd1234','codeProjet','2017-03-07 00:00:01',0,2),(4941,'abcd1234','codeProjet','2017-03-08 00:00:01',0,2),(4942,'abcd1234','codeProjet','2017-03-09 00:00:01',0,2),(4943,'abcd1234','codeProjet','2017-03-10 00:00:01',0,2),(4944,'abcd1234','codeProjet','2017-03-11 00:00:01',0,2),(4945,'abcd1234','codeProjet','2017-03-12 00:00:01',0,2),(4946,'abcd1234','codeProjet','2017-03-13 00:00:01',0,2),(4947,'abcd1234','codeProjet','2017-03-14 00:00:01',0,2),(4948,'abcd1234','codeProjet','2017-03-15 00:00:01',0,2),(4949,'abcd1234','codeProjet','2017-03-16 00:00:01',0,2),(4950,'abcd1234','codeProjet','2017-03-17 00:00:01',0,2),(4951,'abcd1234','codeProjet','2017-03-18 00:00:01',0,2),(4952,'abcd1234','codeProjet','2017-03-19 00:00:01',0,2),(4953,'abcd1234','codeProjet','2017-03-20 00:00:01',0,2),(4954,'abcd1234','codeProjet','2017-03-21 00:00:01',0,2),(4955,'abcd1234','codeProjet','2017-03-22 00:00:01',0,2),(4956,'abcd1234','codeProjet','2017-03-23 00:00:01',0,2),(4957,'abcd1234','codeProjet','2017-03-24 00:00:01',0,2),(4958,'abcd1234','codeProjet','2017-03-25 00:00:01',0,2),(4959,'abcd1234','codeProjet','2017-03-26 00:00:01',0,2),(4960,'abcd1234','codeProjet','2017-03-27 00:00:01',0,2),(4961,'abcd1234','codeProjet','2017-03-28 00:00:01',0,2),(4962,'abcd1234','codeProjet','2017-03-29 00:00:01',0,2),(4963,'abcd1234','codeProjet','2017-03-30 00:00:01',0,2),(4964,'abcd1234','codeProjet','2017-03-31 00:00:01',0,2),(4965,'abcd1234','codeProjet','2017-03-01 00:00:01',0,3),(4966,'abcd1234','codeProjet','2017-03-02 00:00:01',0,3),(4967,'abcd1234','codeProjet','2017-03-03 00:00:01',0,3),(4968,'abcd1234','codeProjet','2017-03-04 00:00:01',0,3),(4969,'abcd1234','codeProjet','2017-03-05 00:00:01',0,3),(4970,'abcd1234','codeProjet','2017-03-06 00:00:01',0,3),(4971,'abcd1234','codeProjet','2017-03-07 00:00:01',0,3),(4972,'abcd1234','codeProjet','2017-03-08 00:00:01',0,3),(4973,'abcd1234','codeProjet','2017-03-09 00:00:01',0,3),(4974,'abcd1234','codeProjet','2017-03-10 00:00:01',0,3),(4975,'abcd1234','codeProjet','2017-03-11 00:00:01',0,3),(4976,'abcd1234','codeProjet','2017-03-12 00:00:01',0,3),(4977,'abcd1234','codeProjet','2017-03-13 00:00:01',0,3),(4978,'abcd1234','codeProjet','2017-03-14 00:00:01',0,3),(4979,'abcd1234','codeProjet','2017-03-15 00:00:01',0,3),(4980,'abcd1234','codeProjet','2017-03-16 00:00:01',0,3),(4981,'abcd1234','codeProjet','2017-03-17 00:00:01',0,3),(4982,'abcd1234','codeProjet','2017-03-18 00:00:01',0,3),(4983,'abcd1234','codeProjet','2017-03-19 00:00:01',0,3),(4984,'abcd1234','codeProjet','2017-03-20 00:00:01',0,3),(4985,'abcd1234','codeProjet','2017-03-21 00:00:01',0,3),(4986,'abcd1234','codeProjet','2017-03-22 00:00:01',0,3),(4987,'abcd1234','codeProjet','2017-03-23 00:00:01',0,3),(4988,'abcd1234','codeProjet','2017-03-24 00:00:01',0,3),(4989,'abcd1234','codeProjet','2017-03-25 00:00:01',0,3),(4990,'abcd1234','codeProjet','2017-03-26 00:00:01',0,3),(4991,'abcd1234','codeProjet','2017-03-27 00:00:01',0,3),(4992,'abcd1234','codeProjet','2017-03-28 00:00:01',0,3),(4993,'abcd1234','codeProjet','2017-03-29 00:00:01',0,3),(4994,'abcd1234','codeProjet','2017-03-30 00:00:01',0,3),(4995,'abcd1234','codeProjet','2017-03-31 00:00:01',0,3),(4996,'abcd1234','codeProjet','2017-03-01 00:00:01',0,4),(4997,'abcd1234','codeProjet','2017-03-02 00:00:01',0,4),(4998,'abcd1234','codeProjet','2017-03-03 00:00:01',0,4),(4999,'abcd1234','codeProjet','2017-03-04 00:00:01',0,4),(5000,'abcd1234','codeProjet','2017-03-05 00:00:01',0,4),(5001,'abcd1234','codeProjet','2017-03-06 00:00:01',0,4),(5002,'abcd1234','codeProjet','2017-03-07 00:00:01',0,4),(5003,'abcd1234','codeProjet','2017-03-08 00:00:01',0,4),(5004,'abcd1234','codeProjet','2017-03-09 00:00:01',0,4),(5005,'abcd1234','codeProjet','2017-03-10 00:00:01',0,4),(5006,'abcd1234','codeProjet','2017-03-11 00:00:01',0,4),(5007,'abcd1234','codeProjet','2017-03-12 00:00:01',0,4),(5008,'abcd1234','codeProjet','2017-03-13 00:00:01',0,4),(5009,'abcd1234','codeProjet','2017-03-14 00:00:01',0,4),(5010,'abcd1234','codeProjet','2017-03-15 00:00:01',0,4),(5011,'abcd1234','codeProjet','2017-03-16 00:00:01',0,4),(5012,'abcd1234','codeProjet','2017-03-17 00:00:01',0,4),(5013,'abcd1234','codeProjet','2017-03-18 00:00:01',0,4),(5014,'abcd1234','codeProjet','2017-03-19 00:00:01',0,4),(5015,'abcd1234','codeProjet','2017-03-20 00:00:01',0,4),(5016,'abcd1234','codeProjet','2017-03-21 00:00:01',0,4),(5017,'abcd1234','codeProjet','2017-03-22 00:00:01',0,4),(5018,'abcd1234','codeProjet','2017-03-23 00:00:01',0,4),(5019,'abcd1234','codeProjet','2017-03-24 00:00:01',0,4),(5020,'abcd1234','codeProjet','2017-03-25 00:00:01',0,4),(5021,'abcd1234','codeProjet','2017-03-26 00:00:01',0,4),(5022,'abcd1234','codeProjet','2017-03-27 00:00:01',0,4),(5023,'abcd1234','codeProjet','2017-03-28 00:00:01',0,4),(5024,'abcd1234','codeProjet','2017-03-29 00:00:01',0,4),(5025,'abcd1234','codeProjet','2017-03-30 00:00:01',0,4),(5026,'abcd1234','codeProjet','2017-03-31 00:00:01',0,4),(5027,'abcd1234','codeProjet','2017-03-01 00:00:01',0,5),(5028,'abcd1234','codeProjet','2017-03-02 00:00:01',0,5),(5029,'abcd1234','codeProjet','2017-03-03 00:00:01',0,5),(5030,'abcd1234','codeProjet','2017-03-04 00:00:01',0,5),(5031,'abcd1234','codeProjet','2017-03-05 00:00:01',0,5),(5032,'abcd1234','codeProjet','2017-03-06 00:00:01',0,5),(5033,'abcd1234','codeProjet','2017-03-07 00:00:01',0,5),(5034,'abcd1234','codeProjet','2017-03-08 00:00:01',0,5),(5035,'abcd1234','codeProjet','2017-03-09 00:00:01',0,5),(5036,'abcd1234','codeProjet','2017-03-10 00:00:01',0,5),(5037,'abcd1234','codeProjet','2017-03-11 00:00:01',0,5),(5038,'abcd1234','codeProjet','2017-03-12 00:00:01',0,5),(5039,'abcd1234','codeProjet','2017-03-13 00:00:01',0,5),(5040,'abcd1234','codeProjet','2017-03-14 00:00:01',0,5),(5041,'abcd1234','codeProjet','2017-03-15 00:00:01',0,5),(5042,'abcd1234','codeProjet','2017-03-16 00:00:01',0,5),(5043,'abcd1234','codeProjet','2017-03-17 00:00:01',0,5),(5044,'abcd1234','codeProjet','2017-03-18 00:00:01',0,5),(5045,'abcd1234','codeProjet','2017-03-19 00:00:01',0,5),(5046,'abcd1234','codeProjet','2017-03-20 00:00:01',0,5),(5047,'abcd1234','codeProjet','2017-03-21 00:00:01',0,5),(5048,'abcd1234','codeProjet','2017-03-22 00:00:01',0,5),(5049,'abcd1234','codeProjet','2017-03-23 00:00:01',0,5),(5050,'abcd1234','codeProjet','2017-03-24 00:00:01',0,5),(5051,'abcd1234','codeProjet','2017-03-25 00:00:01',0,5),(5052,'abcd1234','codeProjet','2017-03-26 00:00:01',0,5),(5053,'abcd1234','codeProjet','2017-03-27 00:00:01',0,5),(5054,'abcd1234','codeProjet','2017-03-28 00:00:01',0,5),(5055,'abcd1234','codeProjet','2017-03-29 00:00:01',0,5),(5056,'abcd1234','codeProjet','2017-03-30 00:00:01',0,5),(5057,'abcd1234','codeProjet','2017-03-31 00:00:01',0,5),(5058,'abcd1234','codeProjet','2017-02-01 00:00:02',0,1),(5059,'abcd1234','codeProjet','2017-02-02 00:00:02',0,1),(5060,'abcd1234','codeProjet','2017-02-03 00:00:02',0,1),(5061,'abcd1234','codeProjet','2017-02-04 00:00:02',0,1),(5062,'abcd1234','codeProjet','2017-02-05 00:00:02',0,1),(5063,'abcd1234','codeProjet','2017-02-06 00:00:02',0,1),(5064,'abcd1234','codeProjet','2017-02-07 00:00:02',0,1),(5065,'abcd1234','codeProjet','2017-02-08 00:00:02',0,1),(5066,'abcd1234','codeProjet','2017-02-09 00:00:02',0,1),(5067,'abcd1234','codeProjet','2017-02-10 00:00:02',0,1),(5068,'abcd1234','codeProjet','2017-02-11 00:00:02',0,1),(5069,'abcd1234','codeProjet','2017-02-12 00:00:02',0,1),(5070,'abcd1234','codeProjet','2017-02-13 00:00:02',0,1),(5071,'abcd1234','codeProjet','2017-02-14 00:00:02',0,1),(5072,'abcd1234','codeProjet','2017-02-15 00:00:02',0,1),(5073,'abcd1234','codeProjet','2017-02-16 00:00:02',0,1),(5074,'abcd1234','codeProjet','2017-02-17 00:00:02',0,1),(5075,'abcd1234','codeProjet','2017-02-18 00:00:02',0,1),(5076,'abcd1234','codeProjet','2017-02-19 00:00:02',0,1),(5077,'abcd1234','codeProjet','2017-02-20 00:00:02',0,1),(5078,'abcd1234','codeProjet','2017-02-21 00:00:02',0,1),(5079,'abcd1234','codeProjet','2017-02-22 00:00:02',0,1),(5080,'abcd1234','codeProjet','2017-02-23 00:00:02',0,1),(5081,'abcd1234','codeProjet','2017-02-24 00:00:02',0,1),(5082,'abcd1234','codeProjet','2017-02-25 00:00:02',0,1),(5083,'abcd1234','codeProjet','2017-02-26 00:00:02',0,1),(5084,'abcd1234','codeProjet','2017-02-27 00:00:02',0,1),(5085,'abcd1234','codeProjet','2017-02-28 00:00:02',0,1),(5086,'abcd1234','codeProjet','2017-02-01 00:00:01',0,2),(5087,'abcd1234','codeProjet','2017-02-02 00:00:01',0,2),(5088,'abcd1234','codeProjet','2017-02-03 00:00:01',0,2),(5089,'abcd1234','codeProjet','2017-02-04 00:00:01',0,2),(5090,'abcd1234','codeProjet','2017-02-05 00:00:01',0,2),(5091,'abcd1234','codeProjet','2017-02-06 00:00:01',0,2),(5092,'abcd1234','codeProjet','2017-02-07 00:00:01',0,2),(5093,'abcd1234','codeProjet','2017-02-08 00:00:01',0,2),(5094,'abcd1234','codeProjet','2017-02-09 00:00:01',0,2),(5095,'abcd1234','codeProjet','2017-02-10 00:00:01',0,2),(5096,'abcd1234','codeProjet','2017-02-11 00:00:01',0,2),(5097,'abcd1234','codeProjet','2017-02-12 00:00:01',0,2),(5098,'abcd1234','codeProjet','2017-02-13 00:00:01',0,2),(5099,'abcd1234','codeProjet','2017-02-14 00:00:01',0,2),(5100,'abcd1234','codeProjet','2017-02-15 00:00:01',0,2),(5101,'abcd1234','codeProjet','2017-02-16 00:00:01',0,2),(5102,'abcd1234','codeProjet','2017-02-17 00:00:01',0,2),(5103,'abcd1234','codeProjet','2017-02-18 00:00:01',0,2),(5104,'abcd1234','codeProjet','2017-02-19 00:00:01',0,2),(5105,'abcd1234','codeProjet','2017-02-20 00:00:01',0,2),(5106,'abcd1234','codeProjet','2017-02-21 00:00:01',0,2),(5107,'abcd1234','codeProjet','2017-02-22 00:00:01',0,2),(5108,'abcd1234','codeProjet','2017-02-23 00:00:01',0,2),(5109,'abcd1234','codeProjet','2017-02-24 00:00:01',0,2),(5110,'abcd1234','codeProjet','2017-02-25 00:00:01',0,2),(5111,'abcd1234','codeProjet','2017-02-26 00:00:01',0,2),(5112,'abcd1234','codeProjet','2017-02-27 00:00:01',0,2),(5113,'abcd1234','codeProjet','2017-02-28 00:00:01',0,2),(5114,'abcd1234','codeProjet','2017-02-01 00:00:01',0,3),(5115,'abcd1234','codeProjet','2017-02-02 00:00:01',0,3),(5116,'abcd1234','codeProjet','2017-02-03 00:00:01',0,3),(5117,'abcd1234','codeProjet','2017-02-04 00:00:01',0,3),(5118,'abcd1234','codeProjet','2017-02-05 00:00:01',0,3),(5119,'abcd1234','codeProjet','2017-02-06 00:00:01',0,3),(5120,'abcd1234','codeProjet','2017-02-07 00:00:01',0,3),(5121,'abcd1234','codeProjet','2017-02-08 00:00:01',0,3),(5122,'abcd1234','codeProjet','2017-02-09 00:00:01',0,3),(5123,'abcd1234','codeProjet','2017-02-10 00:00:01',0,3),(5124,'abcd1234','codeProjet','2017-02-11 00:00:01',0,3),(5125,'abcd1234','codeProjet','2017-02-12 00:00:01',0,3),(5126,'abcd1234','codeProjet','2017-02-13 00:00:01',0,3),(5127,'abcd1234','codeProjet','2017-02-14 00:00:01',0,3),(5128,'abcd1234','codeProjet','2017-02-15 00:00:01',0,3),(5129,'abcd1234','codeProjet','2017-02-16 00:00:01',0,3),(5130,'abcd1234','codeProjet','2017-02-17 00:00:01',0,3),(5131,'abcd1234','codeProjet','2017-02-18 00:00:01',0,3),(5132,'abcd1234','codeProjet','2017-02-19 00:00:01',0,3),(5133,'abcd1234','codeProjet','2017-02-20 00:00:01',0,3),(5134,'abcd1234','codeProjet','2017-02-21 00:00:01',0,3),(5135,'abcd1234','codeProjet','2017-02-22 00:00:01',0,3),(5136,'abcd1234','codeProjet','2017-02-23 00:00:01',0,3),(5137,'abcd1234','codeProjet','2017-02-24 00:00:01',0,3),(5138,'abcd1234','codeProjet','2017-02-25 00:00:01',0,3),(5139,'abcd1234','codeProjet','2017-02-26 00:00:01',0,3),(5140,'abcd1234','codeProjet','2017-02-27 00:00:01',0,3),(5141,'abcd1234','codeProjet','2017-02-28 00:00:01',0,3),(5142,'abcd1234','codeProjet','2017-02-01 00:00:02',0,4),(5143,'abcd1234','codeProjet','2017-02-02 00:00:02',0,4),(5144,'abcd1234','codeProjet','2017-02-03 00:00:02',0,4),(5145,'abcd1234','codeProjet','2017-02-04 00:00:02',0,4),(5146,'abcd1234','codeProjet','2017-02-05 00:00:02',0,4),(5147,'abcd1234','codeProjet','2017-02-06 00:00:02',0,4),(5148,'abcd1234','codeProjet','2017-02-07 00:00:02',0,4),(5149,'abcd1234','codeProjet','2017-02-08 00:00:02',0,4),(5150,'abcd1234','codeProjet','2017-02-09 00:00:02',0,4),(5151,'abcd1234','codeProjet','2017-02-10 00:00:02',0,4),(5152,'abcd1234','codeProjet','2017-02-11 00:00:02',0,4),(5153,'abcd1234','codeProjet','2017-02-12 00:00:02',0,4),(5154,'abcd1234','codeProjet','2017-02-13 00:00:02',0,4),(5155,'abcd1234','codeProjet','2017-02-14 00:00:02',0,4),(5156,'abcd1234','codeProjet','2017-02-15 00:00:02',0,4),(5157,'abcd1234','codeProjet','2017-02-16 00:00:02',0,4),(5158,'abcd1234','codeProjet','2017-02-17 00:00:02',0,4),(5159,'abcd1234','codeProjet','2017-02-18 00:00:02',0,4),(5160,'abcd1234','codeProjet','2017-02-19 00:00:02',0,4),(5161,'abcd1234','codeProjet','2017-02-20 00:00:02',0,4),(5162,'abcd1234','codeProjet','2017-02-21 00:00:02',0,4),(5163,'abcd1234','codeProjet','2017-02-22 00:00:02',0,4),(5164,'abcd1234','codeProjet','2017-02-23 00:00:02',0,4),(5165,'abcd1234','codeProjet','2017-02-24 00:00:02',0,4),(5166,'abcd1234','codeProjet','2017-02-25 00:00:02',0,4),(5167,'abcd1234','codeProjet','2017-02-26 00:00:02',0,4),(5168,'abcd1234','codeProjet','2017-02-27 00:00:02',0,4),(5169,'abcd1234','codeProjet','2017-02-28 00:00:02',0,4),(5170,'abcd1234','codeProjet','2017-02-01 00:00:02',0,5),(5171,'abcd1234','codeProjet','2017-02-02 00:00:02',0,5),(5172,'abcd1234','codeProjet','2017-02-03 00:00:02',0,5),(5173,'abcd1234','codeProjet','2017-02-04 00:00:02',0,5),(5174,'abcd1234','codeProjet','2017-02-05 00:00:02',0,5),(5175,'abcd1234','codeProjet','2017-02-06 00:00:02',0,5),(5176,'abcd1234','codeProjet','2017-02-07 00:00:02',0,5),(5177,'abcd1234','codeProjet','2017-02-08 00:00:02',0,5),(5178,'abcd1234','codeProjet','2017-02-09 00:00:02',0,5),(5179,'abcd1234','codeProjet','2017-02-10 00:00:02',0,5),(5180,'abcd1234','codeProjet','2017-02-11 00:00:02',0,5),(5181,'abcd1234','codeProjet','2017-02-12 00:00:02',0,5),(5182,'abcd1234','codeProjet','2017-02-13 00:00:02',0,5),(5183,'abcd1234','codeProjet','2017-02-14 00:00:02',0,5),(5184,'abcd1234','codeProjet','2017-02-15 00:00:02',0,5),(5185,'abcd1234','codeProjet','2017-02-16 00:00:02',0,5),(5186,'abcd1234','codeProjet','2017-02-17 00:00:02',0,5),(5187,'abcd1234','codeProjet','2017-02-18 00:00:02',0,5),(5188,'abcd1234','codeProjet','2017-02-19 00:00:02',0,5),(5189,'abcd1234','codeProjet','2017-02-20 00:00:02',0,5),(5190,'abcd1234','codeProjet','2017-02-21 00:00:02',0,5),(5191,'abcd1234','codeProjet','2017-02-22 00:00:02',0,5),(5192,'abcd1234','codeProjet','2017-02-23 00:00:02',0,5),(5193,'abcd1234','codeProjet','2017-02-24 00:00:02',0,5),(5194,'abcd1234','codeProjet','2017-02-25 00:00:02',0,5),(5195,'abcd1234','codeProjet','2017-02-26 00:00:02',0,5),(5196,'abcd1234','codeProjet','2017-02-27 00:00:02',0,5),(5197,'abcd1234','codeProjet','2017-02-28 00:00:02',0,5),(5198,'abcd1234','codeProjet','2017-01-01 00:00:01',0,1),(5199,'abcd1234','codeProjet','2017-01-02 00:00:01',0,1),(5200,'abcd1234','codeProjet','2017-01-03 00:00:01',0,1),(5201,'abcd1234','codeProjet','2017-01-04 00:00:01',0,1),(5202,'abcd1234','codeProjet','2017-01-05 00:00:01',0,1),(5203,'abcd1234','codeProjet','2017-01-06 00:00:01',0,1),(5204,'abcd1234','codeProjet','2017-01-07 00:00:01',0,1),(5205,'abcd1234','codeProjet','2017-01-08 00:00:01',0,1),(5206,'abcd1234','codeProjet','2017-01-09 00:00:01',0,1),(5207,'abcd1234','codeProjet','2017-01-10 00:00:01',0,1),(5208,'abcd1234','codeProjet','2017-01-11 00:00:01',0,1),(5209,'abcd1234','codeProjet','2017-01-12 00:00:01',0,1),(5210,'abcd1234','codeProjet','2017-01-13 00:00:01',0,1),(5211,'abcd1234','codeProjet','2017-01-14 00:00:01',0,1),(5212,'abcd1234','codeProjet','2017-01-15 00:00:01',0,1),(5213,'abcd1234','codeProjet','2017-01-16 00:00:01',0,1),(5214,'abcd1234','codeProjet','2017-01-17 00:00:01',0,1),(5215,'abcd1234','codeProjet','2017-01-18 00:00:01',0,1),(5216,'abcd1234','codeProjet','2017-01-19 00:00:01',0,1),(5217,'abcd1234','codeProjet','2017-01-20 00:00:01',0,1),(5218,'abcd1234','codeProjet','2017-01-21 00:00:01',0,1),(5219,'abcd1234','codeProjet','2017-01-22 00:00:01',0,1),(5220,'abcd1234','codeProjet','2017-01-23 00:00:01',0,1),(5221,'abcd1234','codeProjet','2017-01-24 00:00:01',0,1),(5222,'abcd1234','codeProjet','2017-01-25 00:00:01',0,1),(5223,'abcd1234','codeProjet','2017-01-26 00:00:01',0,1),(5224,'abcd1234','codeProjet','2017-01-27 00:00:01',0,1),(5225,'abcd1234','codeProjet','2017-01-28 00:00:01',0,1),(5226,'abcd1234','codeProjet','2017-01-29 00:00:01',0,1),(5227,'abcd1234','codeProjet','2017-01-30 00:00:01',0,1),(5228,'abcd1234','codeProjet','2017-01-31 00:00:01',0,1),(5229,'abcd1234','codeProjet','2017-01-01 00:00:02',0,2),(5230,'abcd1234','codeProjet','2017-01-02 00:00:02',0,2),(5231,'abcd1234','codeProjet','2017-01-03 00:00:02',0,2),(5232,'abcd1234','codeProjet','2017-01-04 00:00:02',0,2),(5233,'abcd1234','codeProjet','2017-01-05 00:00:02',0,2),(5234,'abcd1234','codeProjet','2017-01-06 00:00:02',0,2),(5235,'abcd1234','codeProjet','2017-01-07 00:00:02',0,2),(5236,'abcd1234','codeProjet','2017-01-08 00:00:02',0,2),(5237,'abcd1234','codeProjet','2017-01-09 00:00:02',0,2),(5238,'abcd1234','codeProjet','2017-01-10 00:00:02',0,2),(5239,'abcd1234','codeProjet','2017-01-11 00:00:02',0,2),(5240,'abcd1234','codeProjet','2017-01-12 00:00:02',0,2),(5241,'abcd1234','codeProjet','2017-01-13 00:00:02',0,2),(5242,'abcd1234','codeProjet','2017-01-14 00:00:02',0,2),(5243,'abcd1234','codeProjet','2017-01-15 00:00:02',0,2),(5244,'abcd1234','codeProjet','2017-01-16 00:00:02',0,2),(5245,'abcd1234','codeProjet','2017-01-17 00:00:02',0,2),(5246,'abcd1234','codeProjet','2017-01-18 00:00:02',0,2),(5247,'abcd1234','codeProjet','2017-01-19 00:00:02',0,2),(5248,'abcd1234','codeProjet','2017-01-20 00:00:02',0,2),(5249,'abcd1234','codeProjet','2017-01-21 00:00:02',0,2),(5250,'abcd1234','codeProjet','2017-01-22 00:00:02',0,2),(5251,'abcd1234','codeProjet','2017-01-23 00:00:02',0,2),(5252,'abcd1234','codeProjet','2017-01-24 00:00:02',0,2),(5253,'abcd1234','codeProjet','2017-01-25 00:00:02',0,2),(5254,'abcd1234','codeProjet','2017-01-26 00:00:02',0,2),(5255,'abcd1234','codeProjet','2017-01-27 00:00:02',0,2),(5256,'abcd1234','codeProjet','2017-01-28 00:00:02',0,2),(5257,'abcd1234','codeProjet','2017-01-29 00:00:02',0,2),(5258,'abcd1234','codeProjet','2017-01-30 00:00:02',0,2),(5259,'abcd1234','codeProjet','2017-01-31 00:00:02',0,2),(5260,'abcd1234','codeProjet','2017-01-01 00:00:02',0,3),(5261,'abcd1234','codeProjet','2017-01-02 00:00:02',0,3),(5262,'abcd1234','codeProjet','2017-01-03 00:00:02',0,3),(5263,'abcd1234','codeProjet','2017-01-04 00:00:02',0,3),(5264,'abcd1234','codeProjet','2017-01-05 00:00:02',0,3),(5265,'abcd1234','codeProjet','2017-01-06 00:00:02',0,3),(5266,'abcd1234','codeProjet','2017-01-07 00:00:02',0,3),(5267,'abcd1234','codeProjet','2017-01-08 00:00:02',0,3),(5268,'abcd1234','codeProjet','2017-01-09 00:00:02',0,3),(5269,'abcd1234','codeProjet','2017-01-10 00:00:02',0,3),(5270,'abcd1234','codeProjet','2017-01-11 00:00:02',0,3),(5271,'abcd1234','codeProjet','2017-01-12 00:00:02',0,3),(5272,'abcd1234','codeProjet','2017-01-13 00:00:02',0,3),(5273,'abcd1234','codeProjet','2017-01-14 00:00:02',0,3),(5274,'abcd1234','codeProjet','2017-01-15 00:00:02',0,3),(5275,'abcd1234','codeProjet','2017-01-16 00:00:02',0,3),(5276,'abcd1234','codeProjet','2017-01-17 00:00:02',0,3),(5277,'abcd1234','codeProjet','2017-01-18 00:00:02',0,3),(5278,'abcd1234','codeProjet','2017-01-19 00:00:02',0,3),(5279,'abcd1234','codeProjet','2017-01-20 00:00:02',0,3),(5280,'abcd1234','codeProjet','2017-01-21 00:00:02',0,3),(5281,'abcd1234','codeProjet','2017-01-22 00:00:02',0,3),(5282,'abcd1234','codeProjet','2017-01-23 00:00:02',0,3),(5283,'abcd1234','codeProjet','2017-01-24 00:00:02',0,3),(5284,'abcd1234','codeProjet','2017-01-25 00:00:02',0,3),(5285,'abcd1234','codeProjet','2017-01-26 00:00:02',0,3),(5286,'abcd1234','codeProjet','2017-01-27 00:00:02',0,3),(5287,'abcd1234','codeProjet','2017-01-28 00:00:02',0,3),(5288,'abcd1234','codeProjet','2017-01-29 00:00:02',0,3),(5289,'abcd1234','codeProjet','2017-01-30 00:00:02',0,3),(5290,'abcd1234','codeProjet','2017-01-31 00:00:02',0,3),(5291,'abcd1234','codeProjet','2017-01-01 00:00:02',0,4),(5292,'abcd1234','codeProjet','2017-01-02 00:00:02',0,4),(5293,'abcd1234','codeProjet','2017-01-03 00:00:02',0,4),(5294,'abcd1234','codeProjet','2017-01-04 00:00:02',0,4),(5295,'abcd1234','codeProjet','2017-01-05 00:00:02',0,4),(5296,'abcd1234','codeProjet','2017-01-06 00:00:02',0,4),(5297,'abcd1234','codeProjet','2017-01-07 00:00:02',0,4),(5298,'abcd1234','codeProjet','2017-01-08 00:00:02',0,4),(5299,'abcd1234','codeProjet','2017-01-09 00:00:02',0,4),(5300,'abcd1234','codeProjet','2017-01-10 00:00:02',0,4),(5301,'abcd1234','codeProjet','2017-01-11 00:00:02',0,4),(5302,'abcd1234','codeProjet','2017-01-12 00:00:02',0,4),(5303,'abcd1234','codeProjet','2017-01-13 00:00:02',0,4),(5304,'abcd1234','codeProjet','2017-01-14 00:00:02',0,4),(5305,'abcd1234','codeProjet','2017-01-15 00:00:02',0,4),(5306,'abcd1234','codeProjet','2017-01-16 00:00:02',0,4),(5307,'abcd1234','codeProjet','2017-01-17 00:00:02',0,4),(5308,'abcd1234','codeProjet','2017-01-18 00:00:02',0,4),(5309,'abcd1234','codeProjet','2017-01-19 00:00:02',0,4),(5310,'abcd1234','codeProjet','2017-01-20 00:00:02',0,4),(5311,'abcd1234','codeProjet','2017-01-21 00:00:02',0,4),(5312,'abcd1234','codeProjet','2017-01-22 00:00:02',0,4),(5313,'abcd1234','codeProjet','2017-01-23 00:00:02',0,4),(5314,'abcd1234','codeProjet','2017-01-24 00:00:02',0,4),(5315,'abcd1234','codeProjet','2017-01-25 00:00:02',0,4),(5316,'abcd1234','codeProjet','2017-01-26 00:00:02',0,4),(5317,'abcd1234','codeProjet','2017-01-27 00:00:02',0,4),(5318,'abcd1234','codeProjet','2017-01-28 00:00:02',0,4),(5319,'abcd1234','codeProjet','2017-01-29 00:00:02',0,4),(5320,'abcd1234','codeProjet','2017-01-30 00:00:02',0,4),(5321,'abcd1234','codeProjet','2017-01-31 00:00:02',0,4),(5322,'abcd1234','codeProjet','2017-01-01 00:00:01',0,5),(5323,'abcd1234','codeProjet','2017-01-02 00:00:01',0,5),(5324,'abcd1234','codeProjet','2017-01-03 00:00:01',0,5),(5325,'abcd1234','codeProjet','2017-01-04 00:00:01',0,5),(5326,'abcd1234','codeProjet','2017-01-05 00:00:01',0,5),(5327,'abcd1234','codeProjet','2017-01-06 00:00:01',0,5),(5328,'abcd1234','codeProjet','2017-01-07 00:00:01',0,5),(5329,'abcd1234','codeProjet','2017-01-08 00:00:01',0,5),(5330,'abcd1234','codeProjet','2017-01-09 00:00:01',0,5),(5331,'abcd1234','codeProjet','2017-01-10 00:00:01',0,5),(5332,'abcd1234','codeProjet','2017-01-11 00:00:01',0,5),(5333,'abcd1234','codeProjet','2017-01-12 00:00:01',0,5),(5334,'abcd1234','codeProjet','2017-01-13 00:00:01',0,5),(5335,'abcd1234','codeProjet','2017-01-14 00:00:01',0,5),(5336,'abcd1234','codeProjet','2017-01-15 00:00:01',0,5),(5337,'abcd1234','codeProjet','2017-01-16 00:00:01',0,5),(5338,'abcd1234','codeProjet','2017-01-17 00:00:01',0,5),(5339,'abcd1234','codeProjet','2017-01-18 00:00:01',0,5),(5340,'abcd1234','codeProjet','2017-01-19 00:00:01',0,5),(5341,'abcd1234','codeProjet','2017-01-20 00:00:01',0,5),(5342,'abcd1234','codeProjet','2017-01-21 00:00:01',0,5),(5343,'abcd1234','codeProjet','2017-01-22 00:00:01',0,5),(5344,'abcd1234','codeProjet','2017-01-23 00:00:01',0,5),(5345,'abcd1234','codeProjet','2017-01-24 00:00:01',0,5),(5346,'abcd1234','codeProjet','2017-01-25 00:00:01',0,5),(5347,'abcd1234','codeProjet','2017-01-26 00:00:01',0,5),(5348,'abcd1234','codeProjet','2017-01-27 00:00:01',0,5),(5349,'abcd1234','codeProjet','2017-01-28 00:00:01',0,5),(5350,'abcd1234','codeProjet','2017-01-29 00:00:01',0,5),(5351,'abcd1234','codeProjet','2017-01-30 00:00:01',0,5),(5352,'abcd1234','codeProjet','2017-01-31 00:00:01',0,5);
/*!40000 ALTER TABLE `imputation` ENABLE KEYS */;
UNLOCK TABLES;

--
-- Table structure for table `projet`
--

DROP TABLE IF EXISTS `projet`;
/*!40101 SET @saved_cs_client     = @@character_set_client */;
/*!40101 SET character_set_client = utf8 */;
CREATE TABLE `projet` (
  `CODEPROJET` varchar(50) NOT NULL,
  `NOMPROJET` varchar(45) DEFAULT NULL,
  `NOMCOMPLET` varchar(100) DEFAULT NULL,
  `DESCRIPTIONPROJET` varchar(200) DEFAULT NULL,
  PRIMARY KEY (`CODEPROJET`),
  UNIQUE KEY `CODEPROJET_UNIQUE` (`CODEPROJET`)
) ENGINE=InnoDB DEFAULT CHARSET=utf8;
/*!40101 SET character_set_client = @saved_cs_client */;

--
-- Dumping data for table `projet`
--

LOCK TABLES `projet` WRITE;
/*!40000 ALTER TABLE `projet` DISABLE KEYS */;
INSERT INTO `projet` VALUES ('codeProjet',NULL,NULL,NULL),('codeProjet2',NULL,NULL,NULL),('codeProjet3',NULL,NULL,NULL),('codeprojet7 ','erynheynheetyn','eynenyenyetn','eynneynetn'),('conges',NULL,NULL,NULL),('projet6','jhrgfze','kilshvgkaj','khevgkaevr');
/*!40000 ALTER TABLE `projet` ENABLE KEYS */;
UNLOCK TABLES;

--
-- Table structure for table `role`
--

DROP TABLE IF EXISTS `role`;
/*!40101 SET @saved_cs_client     = @@character_set_client */;
/*!40101 SET character_set_client = utf8 */;
CREATE TABLE `role` (
  `ROLE` varchar(45) NOT NULL,
  `NOMROLE` varchar(45) DEFAULT NULL,
  PRIMARY KEY (`ROLE`)
) ENGINE=InnoDB DEFAULT CHARSET=utf8;
/*!40101 SET character_set_client = @saved_cs_client */;

--
-- Dumping data for table `role`
--

LOCK TABLES `role` WRITE;
/*!40000 ALTER TABLE `role` DISABLE KEYS */;
INSERT INTO `role` VALUES ('role1',NULL),('role2',NULL),('role3',NULL);
/*!40000 ALTER TABLE `role` ENABLE KEYS */;
UNLOCK TABLES;

--
-- Table structure for table `utilisateur`
--

DROP TABLE IF EXISTS `utilisateur`;
/*!40101 SET @saved_cs_client     = @@character_set_client */;
/*!40101 SET character_set_client = utf8 */;
CREATE TABLE `utilisateur` (
  `FIRSTNAME` varchar(45) DEFAULT NULL,
  `LASTNAME` varchar(45) DEFAULT NULL,
  `CODEALLIANCE` varchar(45) NOT NULL,
  `PASSWORD` varchar(45) DEFAULT NULL,
  `EMAIL` varchar(45) DEFAULT NULL,
  `ROLE` varchar(45) DEFAULT NULL,
  `DMN` varchar(45) NOT NULL,
  PRIMARY KEY (`CODEALLIANCE`),
  UNIQUE KEY `CODEALLIANCE_UNIQUE` (`CODEALLIANCE`),
  UNIQUE KEY `PASSWORD_UNIQUE` (`PASSWORD`),
  KEY `DMN` (`DMN`),
  KEY `ROLE` (`ROLE`),
  CONSTRAINT `DMN` FOREIGN KEY (`DMN`) REFERENCES `domaine` (`DMN`) ON DELETE NO ACTION ON UPDATE NO ACTION,
  CONSTRAINT `ROLE` FOREIGN KEY (`ROLE`) REFERENCES `role` (`ROLE`) ON DELETE NO ACTION ON UPDATE NO ACTION
) ENGINE=InnoDB DEFAULT CHARSET=utf8;
/*!40101 SET character_set_client = @saved_cs_client */;

--
-- Dumping data for table `utilisateur`
--

LOCK TABLES `utilisateur` WRITE;
/*!40000 ALTER TABLE `utilisateur` DISABLE KEYS */;
INSERT INTO `utilisateur` VALUES ('Mouhcine','Cherqui','abcd1234','mimi1234','mouhcinecherqui@gmail.com','role1','dom1'),('marwan ','rais','azer1234','marwan1234','marwan.rais@gmail.com','role2','dom2'),('badr','amri','efgh5678','badr1234','badramri@gmail.com','role1','dom1'),('mouhcine','cherqui','urbg7576','angauivrhau','mimimqiorjhpq@hegve.com','role2','dom3');
/*!40000 ALTER TABLE `utilisateur` ENABLE KEYS */;
UNLOCK TABLES;
/*!40103 SET TIME_ZONE=@OLD_TIME_ZONE */;

/*!40101 SET SQL_MODE=@OLD_SQL_MODE */;
/*!40014 SET FOREIGN_KEY_CHECKS=@OLD_FOREIGN_KEY_CHECKS */;
/*!40014 SET UNIQUE_CHECKS=@OLD_UNIQUE_CHECKS */;
/*!40101 SET CHARACTER_SET_CLIENT=@OLD_CHARACTER_SET_CLIENT */;
/*!40101 SET CHARACTER_SET_RESULTS=@OLD_CHARACTER_SET_RESULTS */;
/*!40101 SET COLLATION_CONNECTION=@OLD_COLLATION_CONNECTION */;
/*!40111 SET SQL_NOTES=@OLD_SQL_NOTES */;

-- Dump completed on 2017-08-11 15:04:35
